playerName,playerEmail,gender,mobileNumber
John Smith,john.smith@email.com,male,+1234567890
Jane Doe,jane.doe@email.com,female,9876543210
Mike Johnson,mike.johnson@email.com,male,5551234567
Sarah Wilson,sarah.wilson@email.com,female,+447123456789
Alex Chen,alex.chen@email.com,other,1234567890
David Brown,david.brown@email.com,male,+15551234568
Lisa Garcia,lisa.garcia@email.com,female,8887654321
Robert Taylor,robert.taylor@email.com,male,+447987654321
Emma Martinez,emma.martinez@email.com,female,5559876543
Chris Anderson,chris.anderson@email.com,other,+12345678901
Maria Rodriguez,maria.rodriguez@email.com,female,7778889999
James Wilson,james.wilson@email.com,male,+16667778888
Ashley Thompson,ashley.thompson@email.com,female,4445556666
Kevin Lee,kevin.lee@email.com,male,+447111222333
Nicole White,nicole.white@email.com,female,3334445555
Daniel Harris,daniel.harris@email.com,male,+15554443333
Rachel Clark,rachel.clark@email.com,female,2223334444
Brandon Lewis,brandon.lewis@email.com,male,+447222333444
Stephanie Young,stephanie.young@email.com,female,1112223333
Tyler Walker,tyler.walker@email.com,other,+16665554444
Amanda Hall,amanda.hall@email.com,female,9998887777
Justin Allen,justin.allen@email.com,male,+447333444555
Megan King,megan.king@email.com,female,8887776666
Ryan Wright,ryan.wright@email.com,male,+15556667777
Samantha Lopez,samantha.lopez@email.com,female,7776665555
Andrew Hill,andrew.hill@email.com,male,+447444555666
Jessica Green,jessica.green@email.com,female,6665554444
Matthew Adams,matthew.adams@email.com,male,+16667778889
Lauren Baker,lauren.baker@email.com,female,5554443333
Joshua Gonzalez,joshua.gonzalez@email.com,other,+447555666777
Brittany Nelson,brittany.nelson@email.com,female,4443332222
Nicholas Carter,nicholas.carter@email.com,male,+15557778888
Kayla Mitchell,kayla.mitchell@email.com,female,3332221111
Jacob Perez,jacob.perez@email.com,male,+447666777888
Alexis Roberts,alexis.roberts@email.com,female,2221110000
Ethan Turner,ethan.turner@email.com,male,+16668889999
Hannah Phillips,hannah.phillips@email.com,female,1110009999
Caleb Campbell,caleb.campbell@email.com,other,+447777888999
Olivia Parker,olivia.parker@email.com,female,9999888777
Noah Evans,noah.evans@email.com,male,+15558889999
Sophia Edwards,sophia.edwards@email.com,female,8888777666
Mason Collins,mason.collins@email.com,male,+447888999000
Isabella Stewart,isabella.stewart@email.com,female,7777666555
Liam Sanchez,liam.sanchez@email.com,male,+16669990000
Ava Morris,ava.morris@email.com,female,6666555444
William Rogers,william.rogers@email.com,other,+447999000111
Mia Reed,mia.reed@email.com,female,5555444333
Benjamin Cook,benjamin.cook@email.com,male,+15550001111
Charlotte Bailey,charlotte.bailey@email.com,female,4444333222
Lucas Rivera,lucas.rivera@email.com,male,+447000111222
Amelia Cooper,amelia.cooper@email.com,female,3333222111
Henry Richardson,henry.richardson@email.com,male,+16661112222
Harper Cox,harper.cox@email.com,female,2222111000
Alexander Ward,alexander.ward@email.com,other,+447111222333
Evelyn Torres,evelyn.torres@email.com,female,1111000999
Sebastian Peterson,sebastian.peterson@email.com,male,+15552223333
Abigail Gray,abigail.gray@email.com,female,0000999888
Owen Ramirez,owen.ramirez@email.com,male,+447222333444
Emily James,emily.james@email.com,female,9999888777
Carter Watson,carter.watson@email.com,male,+16663334444
Elizabeth Brooks,elizabeth.brooks@email.com,female,8888777666
Wyatt Kelly,wyatt.kelly@email.com,other,+447333444555
Sofia Sanders,sofia.sanders@email.com,female,7777666555
Grayson Price,grayson.price@email.com,male,+15554445555
Scarlett Bennett,scarlett.bennett@email.com,female,6666555444
Jack Wood,jack.wood@email.com,male,+447444555666
Victoria Barnes,victoria.barnes@email.com,female,5555444333
Luke Ross,luke.ross@email.com,male,+16665556666
Grace Henderson,grace.henderson@email.com,female,4444333222
Jayden Coleman,jayden.coleman@email.com,other,+447555666777
Chloe Jenkins,chloe.jenkins@email.com,female,3333222111
Connor Perry,connor.perry@email.com,male,+15556667777
Zoey Powell,zoey.powell@email.com,female,2222111000
Aaron Long,aaron.long@email.com,male,+447666777888
Lily Patterson,lily.patterson@email.com,female,1111000999
Ian Hughes,ian.hughes@email.com,male,+16667778888
Natalie Flores,natalie.flores@email.com,female,0000999888
Christian Washington,christian.washington@email.com,other,+447777888999
Addison Butler,addison.butler@email.com,female,9999888777
Hunter Simmons,hunter.simmons@email.com,male,+15558889999
Layla Foster,layla.foster@email.com,female,8888777666
Eli Gonzales,eli.gonzales@email.com,male,+447888999000
Zoe Bryant,zoe.bryant@email.com,female,7777666555
Colton Alexander,colton.alexander@email.com,male,+16669990000
Audrey Russell,audrey.russell@email.com,female,6666555444
Landon Griffin,landon.griffin@email.com,other,+447999000111
Maya Diaz,maya.diaz@email.com,female,5555444333
Gavin Hayes,gavin.hayes@email.com,male,+15550001111
Leah Myers,leah.myers@email.com,female,4444333222
Nolan Ford,nolan.ford@email.com,male,+447000111222
Allison Hamilton,allison.hamilton@email.com,female,3333222111
Brayden Graham,brayden.graham@email.com,male,+16661112222
Savannah Sullivan,savannah.sullivan@email.com,female,2222111000
Lincoln Wallace,lincoln.wallace@email.com,other,+447111222334
Haley Woods,haley.woods@email.com,female,1111000998
Easton Cole,easton.cole@email.com,male,+15552223334
Kaylee West,kaylee.west@email.com,female,0000999887
Jeremiah Jordan,jeremiah.jordan@email.com,male,+447222333445
Peyton Owens,peyton.owens@email.com,female,9999888776
Adrian Reynolds,adrian.reynolds@email.com,male,+16663334445
Madelyn Fisher,madelyn.fisher@email.com,female,8888777665
Jaxon Ellis,jaxon.ellis@email.com,other,+447333444556
Gabriella Harrison,gabriella.harrison@email.com,female,7777666554